[
  {
    "name": "gintama-the-semi-final",
    "rate": " 8.67",
    "src-img": "https://blkom.com/img/special/3732/gintama-the-semi-final-poster-3767.jpg",
    "description": "حلقات خاصة تمهيدا لأحداث الفيلم الثالث .",
    "episodes": [
      {
        "1": [
          {
            "Blkom": "https://cdn2.vid4up.xyz/embedvideo/16016cca62425a"
          }
        ]
      },
      {
        "2": [
          {
            "Blkom": "https://cdn2.vid4up.xyz/embedvideo/16016ccb09d13c"
          }
        ]
      }
    ]
  },
  {
    "name": "dr-stone-stone-wars",
    "rate": " 9.37",
    "src-img": "https://blkom.com/img/anime/3731/dr-stone-stone-wars-poster-3766.jpg",
    "description": "الموسم الثاني .",
    "episodes": [
      {
        "1": [
          {
            "Blkom": "https://cdn2.vid4up.xyz/embedvideo/16000683c925b1"
          }
        ]
      },
      {
        "2": [
          {
            "Blkom": "https://cdn2.vid4up.xyz/embedvideo/16009a407e383c"
          }
        ]
      }
    ]
  },
  {
    "name": "log-horizon-entaku-houkai",
    "rate": " 8",
    "src-img": "https://blkom.com/img/anime/3729/log-horizon-entaku-houkai-poster-3764.jpg",
    "description": "الموسم الثالث .",
    "episodes": [
      {
        "1": [
          {
            "Blkom": "https://cdn2.vid4up.xyz/embedvideo/15fff2389eeecd"
          }
        ]
      },
      {
        "2": [
          {
            "Blkom": "https://cdn2.vid4up.xyz/embedvideo/160087a5b0ac6a"
          }
        ]
      }
    ]
  },
  {
    "name": "mushoku-tensei-isekai-ittara-honki-dasu",
    "rate": " 8.95",
    "src-img": "https://blkom.com/img/anime/3726/mushoku-tensei-isekai-ittara-honki-dasu-poster-3761.jpg",
    "description": "لاوتاكو البالغ من العمر 34 عامًا، مات بينما كان ينقذ شخصًا غريبًا من حادث اصطدام، ليتجسد في عالم سحري كـ“روديوس غريرات”، طفل حديث الولادة.\nمع الاحتفاظ بالمعرفة والخبرة، والندم من حياته السابقة، يتعهد” روديوس” بعيش حياة مرضية وعدم تكرار أخطائه السابقة.\nالآن المسرعه في حياته السابقة.",
    "episodes": [
      {
        "1": [
          {
            "Blkom": "https://cdn2.vid4up.xyz/embedvideo/15ffb762ba7de5"
          }
        ]
      },
      {
        "2": [
          {
            "Blkom": "https://cdn2.vid4up.xyz/embedvideo/16004acc713775"
          }
        ]
      }
    ]
  }

]